id_ptn,kode_ptn,nama_ptn,website,is_akademik,is_vokasi,is_ptnbh,is_ptkin,alamat,provinsi
111,1111,UNIVERSITAS SYIAH KUALA,https://pmb.usk.ac.id/,1,0,1,0,"Universitas Syiah Kuala, Darusslam, Banda Aceh.Jl. T. Nyak Arief Darussalam Banda Aceh 23111","[{'id_ptn': 111, 'kode_prov1': '060000', 'nama_prov1': 'Aceh', 'kode_prov2': None, 'nama_prov2': None, 'kode_kota': '-', 'nama_kota': 'Kota Banda Aceh'}]"
112,1112,UNIVERSITAS MALIKUSSALEH,http://pmb.unimal.ac.id/,1,0,0,0,"Universitas Malikussaleh Jalan Cot Tengku Nie, Reuleut, Kabupaten Aceh Utara","[{'id_ptn': 112, 'kode_prov1': '060000', 'nama_prov1': 'Aceh', 'kode_prov2': None, 'nama_prov2': None, 'kode_kota': '-', 'nama_kota': 'Kabupaten Aceh Utara'}]"
113,1113,UNIVERSITAS TEUKU UMAR,https://pmb.utu.ac.id/,1,0,0,0,,"[{'id_ptn': 113, 'kode_prov1': '060000', 'nama_prov1': 'Aceh', 'kode_prov2': None, 'nama_prov2': None, 'kode_kota': '-', 'nama_kota': 'Kabupaten Aceh Barat'}]"
114,1114,UNIVERSITAS SAMUDRA,https://camaba.unsam.ac.id/,1,0,0,0,,"[{'id_ptn': 114, 'kode_prov1': '060000', 'nama_prov1': 'Aceh', 'kode_prov2': None, 'nama_prov2': None, 'kode_kota': '-', 'nama_kota': 'Kota Langsa'}]"
115,1115,ISBI ACEH,http://pmb.isbiaceh.ac.id/,1,0,0,0,,"[{'id_ptn': 115, 'kode_prov1': '060000', 'nama_prov1': 'Aceh', 'kode_prov2': None, 'nama_prov2': None, 'kode_kota': '-', 'nama_kota': 'Kabupaten Aceh Besar'}]"
116,1116,UIN AR-RANIRY,https://ar-raniry.ac.id/admisi/,1,0,0,1,,"[{'id_ptn': 116, 'kode_prov1': '060000', 'nama_prov1': 'Aceh', 'kode_prov2': None, 'nama_prov2': None, 'kode_kota': '-', 'nama_kota': 'Kota Banda Aceh'}]"
121,1121,UNIVERSITAS SUMATERA UTARA,https://www.usu.ac.id/id/penerimaan,1,0,1,0,Jalan Dr T Mansyur no 9 Medan,"[{'id_ptn': 121, 'kode_prov1': '070000', 'nama_prov1': 'Sumatera Utara', 'kode_prov2': None, 'nama_prov2': None, 'kode_kota': '-', 'nama_kota': 'Kota Medan'}]"
122,1122,UNIVERSITAS NEGERI MEDAN,https://www.unimed.ac.id/pmb/,1,0,0,0,"Jalan Willem Iskandar Pasar V Medan Estate, Kec.Medan Tembung, Medan, Sumatera Utara 20221 (061) 6613365","[{'id_ptn': 122, 'kode_prov1': '070000', 'nama_prov1': 'Sumatera Utara', 'kode_prov2': None, 'nama_prov2': None, 'kode_kota': '-', 'nama_kota': 'Kota Medan'}]"
123,1123,UIN SUMATERA UTARA,https://maba.uinsu.ac.id/,1,0,0,1,,"[{'id_ptn': 123, 'kode_prov1': '070000', 'nama_prov1': 'Sumatera Utara', 'kode_prov2': None, 'nama_prov2': None, 'kode_kota': '-', 'nama_kota': 'Kabupaten Deli Serdang'}]"
124,1124,UIN SYEKH ALI HASAN AHMAD ADDARY PADANGSIDIMPUAN,https://www.uinsyahada.ac.id,1,0,0,1,,"[{'id_ptn': 124, 'kode_prov1': '070000', 'nama_prov1': 'Sumatera Utara', 'kode_prov2': None, 'nama_prov2': None, 'kode_kota': '-', 'nama_kota': 'Kota Padangsidimpuan'}]"
131,1131,UNIVERSITAS RIAU,https://registrasiulang.unri.ac.id/ ,1,0,0,0,"Jln. Bina Widya Km. 12,5 Simpang Baru Panam, Pekanbaru","[{'id_ptn': 131, 'kode_prov1': '090000', 'nama_prov1': 'Riau', 'kode_prov2': None, 'nama_prov2': None, 'kode_kota': '-', 'nama_kota': 'Kota Pekanbaru'}]"
132,1132,UIN SULTAN SYARIF KASIM,https://sireg.uin-suska.ac.id,1,0,0,1, Jl.H.R Subrantas KM.18 No.155 Panam Pekanbaru,"[{'id_ptn': 132, 'kode_prov1': '090000', 'nama_prov1': 'Riau', 'kode_prov2': None, 'nama_prov2': None, 'kode_kota': '-', 'nama_kota': 'Kota Pekanbaru'}]"
133,1133,UNIVERSITAS MARITIM RAJA ALI HAJI,https://penerimaan.umrah.ac.id/,1,0,0,0,"Jln. Politeknik Km 24, SenggarangTanjungpinang-29115Provinsi Kepulauan Riau","[{'id_ptn': 133, 'kode_prov1': '310000', 'nama_prov1': 'Kepulauan Riau', 'kode_prov2': None, 'nama_prov2': None, 'kode_kota': '-', 'nama_kota': 'Kota Tanjungpinang'}]"
141,1141,UNIVERSITAS ANDALAS,https://pmb.unand.ac.id/,1,0,1,0,,"[{'id_ptn': 141, 'kode_prov1': '080000', 'nama_prov1': 'Sumatera Barat', 'kode_prov2': None, 'nama_prov2': None, 'kode_kota': '-', 'nama_kota': 'Kota Padang'}]"
142,1142,UNIVERSITAS NEGERI PADANG,https://spmb.unp.ac.id,1,0,1,0,"Jln. Prof. Dr. Hamka Air Tawar Padang - Sumatera Barat, Telepon: 0751-7053902 ","[{'id_ptn': 142, 'kode_prov1': '080000', 'nama_prov1': 'Sumatera Barat', 'kode_prov2': None, 'nama_prov2': None, 'kode_kota': '-', 'nama_kota': 'Kota Padang'}]"
143,1143,ISI PADANG PANJANG,https://www.isi-padangpanjang.ac.id/,1,0,0,0,,"[{'id_ptn': 143, 'kode_prov1': '080000', 'nama_prov1': 'Sumatera Barat', 'kode_prov2': None, 'nama_prov2': None, 'kode_kota': '-', 'nama_kota': 'Kota Padang Panjang'}]"
144,1144,UIN IMAM BONJOL PADANG,https://pmb.uinib.ac.id/,1,0,0,1,,"[{'id_ptn': 144, 'kode_prov1': '080000', 'nama_prov1': 'Sumatera Barat', 'kode_prov2': None, 'nama_prov2': None, 'kode_kota': '-', 'nama_kota': 'Kota Padang'}]"
151,1151,UNIVERSITAS JAMBI,https://regis.unja.ac.id/,1,0,0,0,"Jl. Raya Jambi - Muara Bulian KM.15 Mendalo Darat, Jambi Kodepos 36361. Telp. (0741) 583377","[{'id_ptn': 151, 'kode_prov1': '100000', 'nama_prov1': 'Jambi', 'kode_prov2': None, 'nama_prov2': None, 'kode_kota': '-', 'nama_kota': 'Kabupaten Muaro Jambi'}]"
152,1152,UIN SULTAN THAHA SAIFUDDIN JAMBI,https://pmb.uinjambi.ac.id/,1,0,0,1,,"[{'id_ptn': 152, 'kode_prov1': '100000', 'nama_prov1': 'Jambi', 'kode_prov2': None, 'nama_prov2': None, 'kode_kota': '-', 'nama_kota': 'Kota Jambi'}]"
161,1161,UNIVERSITAS BENGKULU,https://portal.unib.ac.id,1,0,0,0,"Jl. W.R. Supratman, Kandang Limun, Bengkulu, 38371 (0736) 21170","[{'id_ptn': 161, 'kode_prov1': '260000', 'nama_prov1': 'Bengkulu', 'kode_prov2': None, 'nama_prov2': None, 'kode_kota': '-', 'nama_kota': 'Kota Bengkulu'}]"
171,1171,UNIVERSITAS SRIWIJAYA,https://pmb.unsri.ac.id/,1,0,1,0,"Jl. Raya Palembang - Prabumulih KM 32, Indralaya, Ogan Ilir 30662","[{'id_ptn': 171, 'kode_prov1': '110000', 'nama_prov1': 'Sumatera Selatan', 'kode_prov2': None, 'nama_prov2': None, 'kode_kota': '-', 'nama_kota': 'Kabupaten Ogan Ilir'}]"
172,1172,UIN RADEN FATAH,https://registrasi.radenfatah.ac.id,1,0,0,1,,"[{'id_ptn': 172, 'kode_prov1': '110000', 'nama_prov1': 'Sumatera Selatan', 'kode_prov2': None, 'nama_prov2': None, 'kode_kota': '-', 'nama_kota': 'Kota Palembang'}]"
181,1181,UNIVERSITAS BANGKA BELITUNG,https://pmb.ubb.ac.id,1,0,0,0,,"[{'id_ptn': 181, 'kode_prov1': '290000', 'nama_prov1': 'Kepulauan Bangka Belitung', 'kode_prov2': None, 'nama_prov2': None, 'kode_kota': '-', 'nama_kota': 'Kabupaten Bangka'}]"
191,1191,UNIVERSITAS LAMPUNG,http://simanila.unila.ac.id/,1,0,0,0,Jl.Prof.Dr.Sumantri Brojonegoro No.1 Gedongmeneng Bandar Lampung 35145,"[{'id_ptn': 191, 'kode_prov1': '120000', 'nama_prov1': 'Lampung', 'kode_prov2': None, 'nama_prov2': None, 'kode_kota': '-', 'nama_kota': 'Kota Bandar Lampung'}]"
192,1192,INSTITUT TEKNOLOGI SUMATERA,https://pmb.itera.ac.id/,1,0,0,0,,"[{'id_ptn': 192, 'kode_prov1': '120000', 'nama_prov1': 'Lampung', 'kode_prov2': None, 'nama_prov2': None, 'kode_kota': '-', 'nama_kota': 'Kabupaten Lampung Selatan'}]"
193,1193,UIN RADEN INTAN LAMPUNG,https://www.radenintan.ac.id/,1,0,0,1,,"[{'id_ptn': 193, 'kode_prov1': '120000', 'nama_prov1': 'Lampung', 'kode_prov2': None, 'nama_prov2': None, 'kode_kota': '-', 'nama_kota': 'Kota Bandar Lampung'}]"
194,1194,UIN MAHMUD YUNUS BATUSANGKAR,https://pmb.uinmybatusangkar.ac.id,1,0,0,1,,"[{'id_ptn': 194, 'kode_prov1': '080000', 'nama_prov1': 'Sumatera Barat', 'kode_prov2': None, 'nama_prov2': None, 'kode_kota': '-', 'nama_kota': 'Kabupaten Tanah Datar'}]"
195,1195,UIN SJECH M. DJAMIL DJAMBEK BUKITTINGGI,http://pmb.uinbukittinggi.ac.id,1,0,0,1,,"[{'id_ptn': 195, 'kode_prov1': '080000', 'nama_prov1': 'Sumatera Barat', 'kode_prov2': None, 'nama_prov2': None, 'kode_kota': '-', 'nama_kota': 'Kota Bukittinggi'}]"
221,2221,POLITEKNIK NEGERI LHOKSEUMAWE,http://pmb.pnl.ac.id/,0,1,0,0,,"[{'id_ptn': 221, 'kode_prov1': '060000', 'nama_prov1': 'Aceh', 'kode_prov2': None, 'nama_prov2': None, 'kode_kota': '-', 'nama_kota': 'Kota Lhokseumawe'}]"
222,2222,POLITEKNIK NEGERI MEDAN,https://polmed.ac.id/,0,1,0,0,,"[{'id_ptn': 222, 'kode_prov1': '070000', 'nama_prov1': 'Sumatera Utara', 'kode_prov2': None, 'nama_prov2': None, 'kode_kota': '-', 'nama_kota': 'Kota Medan'}]"
231,2231,POLITEKNIK NEGERI BATAM,http://registrasi.polibatam.ac.id/,0,1,0,0,,"[{'id_ptn': 231, 'kode_prov1': '310000', 'nama_prov1': 'Kepulauan Riau', 'kode_prov2': None, 'nama_prov2': None, 'kode_kota': '-', 'nama_kota': 'Kota Batam'}]"
232,2232,POLITEKNIK NEGERI BENGKALIS,http://pmb.polbeng.ac.id/,0,1,0,0,,"[{'id_ptn': 232, 'kode_prov1': '090000', 'nama_prov1': 'Riau', 'kode_prov2': None, 'nama_prov2': None, 'kode_kota': '-', 'nama_kota': 'Kabupaten Bengkalis'}]"
241,2241,POLITEKNIK NEGERI PADANG,https://penerimaan.pnp.ac.id/,0,1,0,0,,"[{'id_ptn': 241, 'kode_prov1': '080000', 'nama_prov1': 'Sumatera Barat', 'kode_prov2': None, 'nama_prov2': None, 'kode_kota': '-', 'nama_kota': 'Kota Padang'}]"
242,2242,POLITEKNIK PERTANIAN NEGERI PAYAKUMBUH,https://infopmb.ppnp.ac.id,0,1,0,0,,"[{'id_ptn': 242, 'kode_prov1': '080000', 'nama_prov1': 'Sumatera Barat', 'kode_prov2': None, 'nama_prov2': None, 'kode_kota': '-', 'nama_kota': 'Kabupaten Lima Puluh Koto'}]"
271,2271,POLITEKNIK NEGERI SRIWIJAYA,https://spmb.polsri.ac.id,0,1,0,0,,"[{'id_ptn': 271, 'kode_prov1': '110000', 'nama_prov1': 'Sumatera Selatan', 'kode_prov2': None, 'nama_prov2': None, 'kode_kota': '-', 'nama_kota': 'Kota Palembang'}]"
281,2281,POLITEKNIK MANUFAKTUR NEGERI BANGKA BELITUNG,http://pmb.polman-babel.ac.id/,0,1,0,0,,"[{'id_ptn': 281, 'kode_prov1': '290000', 'nama_prov1': 'Kepulauan Bangka Belitung', 'kode_prov2': None, 'nama_prov2': None, 'kode_kota': '-', 'nama_kota': 'Kabupaten Bangka'}]"
291,2291,POLITEKNIK NEGERI LAMPUNG,https://polinela.ac.id/,0,1,0,0,,"[{'id_ptn': 291, 'kode_prov1': '120000', 'nama_prov1': 'Lampung', 'kode_prov2': None, 'nama_prov2': None, 'kode_kota': '-', 'nama_kota': 'Kota Bandar Lampung'}]"
311,1311,UNIVERSITAS SULTAN AGENG TIRTAYASA,https://pmb.untirta.ac.id/,1,0,0,0,"Jalan Raya Jakarta KM. 04, Serang, Banten, Indonesia Telp 254 280330","[{'id_ptn': 311, 'kode_prov1': '280000', 'nama_prov1': 'Banten', 'kode_prov2': None, 'nama_prov2': None, 'kode_kota': '-', 'nama_kota': 'Kabupaten Serang'}]"
312,1312,UIN SULTAN MAULANA HASANUDDIN BANTEN,https://pmb.uinbanten.ac.id/,1,0,0,1,,"[{'id_ptn': 312, 'kode_prov1': '280000', 'nama_prov1': 'Banten', 'kode_prov2': None, 'nama_prov2': None, 'kode_kota': '-', 'nama_kota': 'Kota Serang'}]"
321,1321,UNIVERSITAS INDONESIA,https://enrollment.ui.ac.id/,1,0,1,0,,"[{'id_ptn': 321, 'kode_prov1': '010000', 'nama_prov1': 'Jakarta Raya', 'kode_prov2': '020000', 'nama_prov2': 'Jawa Barat', 'kode_kota': '-', 'nama_kota': 'Kota Jakarta Pusat'}]"
322,1322,UIN JAKARTA,https://admisi.uinjkt.ac.id/,1,0,0,1,,"[{'id_ptn': 322, 'kode_prov1': '280000', 'nama_prov1': 'Banten', 'kode_prov2': None, 'nama_prov2': None, 'kode_kota': '-', 'nama_kota': 'Kota Tangerang Selatan'}]"
323,1323,UNIVERSITAS NEGERI JAKARTA,http://penmaba.unj.ac.id/,1,0,1,0,"Jl. Rawamangun Muka, Jakarta Timur, DKI Jakarta 13220 (021) 4890046","[{'id_ptn': 323, 'kode_prov1': '010000', 'nama_prov1': 'Jakarta Raya', 'kode_prov2': None, 'nama_prov2': None, 'kode_kota': '-', 'nama_kota': 'Kota Jakarta Timur'}]"
324,1324,"UPN ""VETERAN"" JAKARTA",https://penmaru.upnvj.ac.id/,1,0,0,0,,"[{'id_ptn': 324, 'kode_prov1': '010000', 'nama_prov1': 'Jakarta Raya', 'kode_prov2': None, 'nama_prov2': None, 'kode_kota': '-', 'nama_kota': 'Kota Jakarta Selatan'}]"
329,1329,UNIVERSITAS TERBUKA,https://www.ut.ac.id/sistem-registrasi,1,0,1,0,,"[{'id_ptn': 329, 'kode_prov1': '280000', 'nama_prov1': 'Banten', 'kode_prov2': None, 'nama_prov2': None, 'kode_kota': '-', 'nama_kota': 'Kota Tangerang Selatan'}]"
331,1331,UNIVERSITAS SINGAPERBANGSA KARAWANG,https://pmb.unsika.ac.id/,1,0,0,0,,"[{'id_ptn': 331, 'kode_prov1': '020000', 'nama_prov1': 'Jawa Barat', 'kode_prov2': None, 'nama_prov2': None, 'kode_kota': '-', 'nama_kota': 'Kabupaten Karawang'}]"
332,1332,INSTITUT TEKNOLOGI BANDUNG,https://admission.itb.ac.id,1,0,1,0,"Gedung Rektorat ITB, Jl. Tamansari no. 64 Bandung 40116","[{'id_ptn': 332, 'kode_prov1': '020000', 'nama_prov1': 'Jawa Barat', 'kode_prov2': None, 'nama_prov2': None, 'kode_kota': '-', 'nama_kota': 'Kota Bandung'}]"
333,1333,UNIVERSITAS PADJADJARAN,https://smup.unpad.ac.id/,1,0,1,0,,"[{'id_ptn': 333, 'kode_prov1': '020000', 'nama_prov1': 'Jawa Barat', 'kode_prov2': None, 'nama_prov2': None, 'kode_kota': '-', 'nama_kota': 'Kabupaten Sumedang'}]"
334,1334,UNIVERSITAS PENDIDIKAN INDONESIA,https://pmb.upi.edu/,1,0,1,0,JL. Setiabudi No.229 Bandung,"[{'id_ptn': 334, 'kode_prov1': '020000', 'nama_prov1': 'Jawa Barat', 'kode_prov2': None, 'nama_prov2': None, 'kode_kota': '-', 'nama_kota': 'Kota Bandung'}]"
335,1335,ISBI BANDUNG,https://pmb.isbi.ac.id/,1,0,0,0,"Jl. Raya Buah Batu 212, Bandung 40265","[{'id_ptn': 335, 'kode_prov1': '020000', 'nama_prov1': 'Jawa Barat', 'kode_prov2': None, 'nama_prov2': None, 'kode_kota': '-', 'nama_kota': 'Kota Bandung'}]"
336,1336,UIN SUNAN GUNUNG DJATI,https://pmb.uinsgd.ac.id/,1,0,0,1,,"[{'id_ptn': 336, 'kode_prov1': '020000', 'nama_prov1': 'Jawa Barat', 'kode_prov2': None, 'nama_prov2': None, 'kode_kota': '-', 'nama_kota': 'Kota Bandung'}]"
341,1341,INSTITUT PERTANIAN BOGOR,https://registrasi.admisi.ipb.ac.id,1,0,1,0,,"[{'id_ptn': 341, 'kode_prov1': '020000', 'nama_prov1': 'Jawa Barat', 'kode_prov2': None, 'nama_prov2': None, 'kode_kota': '-', 'nama_kota': 'Kabupaten Bogor'}]"
342,1342,UNIVERSITAS SILIWANGI,https://pmb.unsil.ac.id/,1,0,0,0,,"[{'id_ptn': 342, 'kode_prov1': '020000', 'nama_prov1': 'Jawa Barat', 'kode_prov2': None, 'nama_prov2': None, 'kode_kota': '-', 'nama_kota': 'Kota Tasikmalaya'}]"
351,1351,UNIVERSITAS JENDERAL SOEDIRMAN,http://admisi.unsoed.ac.id/,1,0,0,0,"Jl. Prof. Dr. HR Boenyamin 708, Purwokerto 51322","[{'id_ptn': 351, 'kode_prov1': '030000', 'nama_prov1': 'Jawa Tengah', 'kode_prov2': None, 'nama_prov2': None, 'kode_kota': '-', 'nama_kota': 'Kabupaten Banyumas'}]"
352,1352,UNIVERSITAS TIDAR,https://smart.untidar.ac.id,1,0,0,0,,"[{'id_ptn': 352, 'kode_prov1': '030000', 'nama_prov1': 'Jawa Tengah', 'kode_prov2': None, 'nama_prov2': None, 'kode_kota': '-', 'nama_kota': 'Kota Magelang'}]"
353,1353,UNIVERSITAS SEBELAS MARET,https://spmb.uns.ac.id,1,0,1,0,Jl. Ir Sutami No. 36 A Kampus UNS Kentingan Solo,"[{'id_ptn': 353, 'kode_prov1': '030000', 'nama_prov1': 'Jawa Tengah', 'kode_prov2': None, 'nama_prov2': None, 'kode_kota': '-', 'nama_kota': 'Kota Surakarta'}]"
354,1354,ISI SURAKARTA,https://spmb.isi-ska.ac.id/,1,0,0,0,,"[{'id_ptn': 354, 'kode_prov1': '030000', 'nama_prov1': 'Jawa Tengah', 'kode_prov2': None, 'nama_prov2': None, 'kode_kota': '-', 'nama_kota': 'Kota Surakarta'}]"
355,1355,UNIVERSITAS DIPONEGORO,https://pmb.undip.ac.id/,1,0,1,0,,"[{'id_ptn': 355, 'kode_prov1': '030000', 'nama_prov1': 'Jawa Tengah', 'kode_prov2': None, 'nama_prov2': None, 'kode_kota': '-', 'nama_kota': 'Kota Semarang'}]"
356,1356,UNIVERSITAS NEGERI SEMARANG,https://unnes.ac.id/admission,1,0,1,0,Kampus Sekaran Gunungpati Semarang,"[{'id_ptn': 356, 'kode_prov1': '030000', 'nama_prov1': 'Jawa Tengah', 'kode_prov2': None, 'nama_prov2': None, 'kode_kota': '-', 'nama_kota': 'Kota Semarang'}]"
357,1357,UIN WALISONGO,https://pmb.walisongo.ac.id,1,0,0,1,,"[{'id_ptn': 357, 'kode_prov1': '030000', 'nama_prov1': 'Jawa Tengah', 'kode_prov2': None, 'nama_prov2': None, 'kode_kota': '-', 'nama_kota': 'Kota Semarang'}]"
358,1358,UIN RADEN MAS SAID SURAKARTA,https://www.uinsaid.ac.id/,1,0,0,1,,"[{'id_ptn': 358, 'kode_prov1': '030000', 'nama_prov1': 'Jawa Tengah', 'kode_prov2': None, 'nama_prov2': None, 'kode_kota': '-', 'nama_kota': 'Kabupate Sukoharjo'}]"
361,1361,UNIVERSITAS GADJAH MADA,https://admissions.ugm.ac.id,1,0,1,0,,"[{'id_ptn': 361, 'kode_prov1': '040000', 'nama_prov1': 'Yogyakarta', 'kode_prov2': None, 'nama_prov2': None, 'kode_kota': '-', 'nama_kota': 'Kabupaten Sleman'}]"
362,1362,UNIVERSITAS NEGERI YOGYAKARTA,http://pmb.uny.ac.id,1,0,1,0,"Jl. Colombo No. 1 Yogyakarta, 55281 Telp. 0274-544049/Fax. 0274-520325","[{'id_ptn': 362, 'kode_prov1': '040000', 'nama_prov1': 'Yogyakarta', 'kode_prov2': None, 'nama_prov2': None, 'kode_kota': '-', 'nama_kota': 'Kabupaten Sleman'}]"
363,1363,"UPN ""VETERAN"" YOGYAKARTA",https://pmb.upnyk.ac.id/,1,0,0,0,,"[{'id_ptn': 363, 'kode_prov1': '040000', 'nama_prov1': 'Yogyakarta', 'kode_prov2': None, 'nama_prov2': None, 'kode_kota': '-', 'nama_kota': 'Kabupaten Sleman'}]"
364,1364,ISI YOGYAKARTA,https://pmb.isi.ac.id/,1,0,0,0,,"[{'id_ptn': 364, 'kode_prov1': '040000', 'nama_prov1': 'Yogyakarta', 'kode_prov2': None, 'nama_prov2': None, 'kode_kota': '-', 'nama_kota': 'Kabupaten Bantul'}]"
365,1365,UIN SUNAN KALIJAGA,https://admisi.uin-suka.ac.id/,1,0,0,1, Jl. Marsda Adisucipto Yogyakarta 55281,"[{'id_ptn': 365, 'kode_prov1': '040000', 'nama_prov1': 'Yogyakarta', 'kode_prov2': None, 'nama_prov2': None, 'kode_kota': '-', 'nama_kota': 'Kabupaten Sleman'}]"
366,1366,UIN PROFESOR KIAI HAJI SAIFUDDIN ZUHRI PURWOKERTO,https://pmb.uinsaizu.ac.id/,1,0,0,1,,"[{'id_ptn': 366, 'kode_prov1': '030000', 'nama_prov1': 'Jawa Tengah', 'kode_prov2': None, 'nama_prov2': None, 'kode_kota': '-', 'nama_kota': 'Kabupaten Banyumas'}]"
367,1367,UIN SALATIGA,https://pmb.uinsalatiga.ac.id,1,0,0,1,,"[{'id_ptn': 367, 'kode_prov1': '030000', 'nama_prov1': 'Jawa Tengah', 'kode_prov2': None, 'nama_prov2': None, 'kode_kota': '-', 'nama_kota': 'Kota Salatiga'}]"
368,1368,UIN K.H. ABDURRAHMAN WAHID PEKALONGAN,https://uingusdur.ac.id,1,0,0,1,,"[{'id_ptn': 368, 'kode_prov1': '030000', 'nama_prov1': 'Jawa Tengah', 'kode_prov2': None, 'nama_prov2': None, 'kode_kota': '-', 'nama_kota': 'Kota Pekalongan'}]"
371,1371,UNIVERSITAS JEMBER,https://pmb.unej.ac.id ,1,0,0,0, Jl. Kalimantan No. 37 Jember 68121. Kotak Pos 159.,"[{'id_ptn': 371, 'kode_prov1': '050000', 'nama_prov1': 'Jawa Timur', 'kode_prov2': None, 'nama_prov2': None, 'kode_kota': '-', 'nama_kota': 'Kabupate Jember'}]"
372,1372,UNIVERSITAS BRAWIJAYA,https://selma.ub.ac.id/,1,0,1,0,Universitas Brawijaya Jl. Veteran Malang 65145,"[{'id_ptn': 372, 'kode_prov1': '050000', 'nama_prov1': 'Jawa Timur', 'kode_prov2': None, 'nama_prov2': None, 'kode_kota': '-', 'nama_kota': 'Kota Malang'}]"
373,1373,UNIVERSITAS NEGERI MALANG,http://seleksi.um.ac.id/,1,0,1,0,"Jalan Ki Ageng Gribig No.45, Malang, Jawa Timur 65139 (0341) 712192","[{'id_ptn': 373, 'kode_prov1': '050000', 'nama_prov1': 'Jawa Timur', 'kode_prov2': None, 'nama_prov2': None, 'kode_kota': '-', 'nama_kota': 'Kota Malang'}]"
374,1374,UIN MALANG,http://pmb.uin-malang.ac.id/,1,0,0,1,,"[{'id_ptn': 374, 'kode_prov1': '050000', 'nama_prov1': 'Jawa Timur', 'kode_prov2': None, 'nama_prov2': None, 'kode_kota': '-', 'nama_kota': 'Kota Malang'}]"
381,1381,UNIVERSITAS AIRLANGGA,https://ppmb.unair.ac.id,1,0,1,0,,"[{'id_ptn': 381, 'kode_prov1': '050000', 'nama_prov1': 'Jawa Timur', 'kode_prov2': None, 'nama_prov2': None, 'kode_kota': '-', 'nama_kota': 'Kota Surabaya'}]"
382,1382,INSTITUT TEKNOLOGI SEPULUH NOPEMBER,https://www.its.ac.id/admission/,1,0,1,0,,"[{'id_ptn': 382, 'kode_prov1': '050000', 'nama_prov1': 'Jawa Timur', 'kode_prov2': None, 'nama_prov2': None, 'kode_kota': '-', 'nama_kota': 'Kota Surabaya'}]"
383,1383,UNIVERSITAS NEGERI SURABAYA,https://admisi.unesa.ac.id/,1,0,1,0,"Jalan Ketintang, Surabaya 60231 Telp (031) 8280009","[{'id_ptn': 383, 'kode_prov1': '050000', 'nama_prov1': 'Jawa Timur', 'kode_prov2': None, 'nama_prov2': None, 'kode_kota': '-', 'nama_kota': 'Kota Surabaya'}]"
384,1384,UNIVERSITAS TRUNOJOYO MADURA,https://pmb.trunojoyo.ac.id,1,0,0,0,,"[{'id_ptn': 384, 'kode_prov1': '050000', 'nama_prov1': 'Jawa Timur', 'kode_prov2': None, 'nama_prov2': None, 'kode_kota': '-', 'nama_kota': 'Kabupaten Bangkalan'}]"
385,1385,"UPN ""VETERAN"" JAWA TIMUR",https://simaba.upnjatim.ac.id/ ,1,0,0,0,,"[{'id_ptn': 385, 'kode_prov1': '050000', 'nama_prov1': 'Jawa Timur', 'kode_prov2': None, 'nama_prov2': None, 'kode_kota': '-', 'nama_kota': 'Kota Surabaya'}]"
386,1386,UIN SUNAN AMPEL SURABAYA,https://pmb.uinsa.ac.id/pengumuman,1,0,0,1,,"[{'id_ptn': 386, 'kode_prov1': '050000', 'nama_prov1': 'Jawa Timur', 'kode_prov2': None, 'nama_prov2': None, 'kode_kota': '-', 'nama_kota': 'Kota Surabaya'}]"
421,2421,POLITEKNIK NEGERI JAKARTA,https://penerimaan.pnj.ac.id/,0,1,0,0,,"[{'id_ptn': 421, 'kode_prov1': '020000', 'nama_prov1': 'Jawa Barat', 'kode_prov2': None, 'nama_prov2': None, 'kode_kota': '-', 'nama_kota': 'Kota Depok'}]"
422,2422,POLITEKNIK NEGERI MEDIA KREATIF,https://pmb.polimedia.ac.id/,0,1,0,0,,"[{'id_ptn': 422, 'kode_prov1': '010000', 'nama_prov1': 'Jakarta Raya', 'kode_prov2': None, 'nama_prov2': None, 'kode_kota': '-', 'nama_kota': 'Kota Jakarta Selatan'}]"
431,2431,POLITEKNIK NEGERI BANDUNG,https://smb.polban.ac.id/,0,1,0,0,,"[{'id_ptn': 431, 'kode_prov1': '020000', 'nama_prov1': 'Jawa Barat', 'kode_prov2': None, 'nama_prov2': None, 'kode_kota': '-', 'nama_kota': 'Kota Bandung'}]"
432,2432,POLITEKNIK MANUFAKTUR BANDUNG,https://pmb.polman-bandung.ac.id/,0,1,0,0,,"[{'id_ptn': 432, 'kode_prov1': '020000', 'nama_prov1': 'Jawa Barat', 'kode_prov2': None, 'nama_prov2': None, 'kode_kota': '-', 'nama_kota': 'Kota Bandung'}]"
433,2433,POLITEKNIK NEGERI INDRAMAYU,https://pmb.polindra.ac.id/,0,1,0,0,,"[{'id_ptn': 433, 'kode_prov1': '020000', 'nama_prov1': 'Jawa Barat', 'kode_prov2': None, 'nama_prov2': None, 'kode_kota': '-', 'nama_kota': 'Kabupaten Indramayu'}]"
434,2434,POLITEKNIK NEGERI SUBANG,https://pmb.polsub.ac.id/,0,1,0,0,,"[{'id_ptn': 434, 'kode_prov1': '020000', 'nama_prov1': 'Jawa Barat', 'kode_prov2': None, 'nama_prov2': None, 'kode_kota': '-', 'nama_kota': 'Kabupaten Subang'}]"
452,2452,POLITEKNIK NEGERI SEMARANG,https://pmb.polines.ac.id,0,1,0,0,,"[{'id_ptn': 452, 'kode_prov1': '030000', 'nama_prov1': 'Jawa Tengah', 'kode_prov2': None, 'nama_prov2': None, 'kode_kota': '-', 'nama_kota': 'Kota Semarang'}]"
453,2453,POLITEKNIK NEGERI CILACAP,https://pmb.pnc.ac.id/,0,1,0,0,,"[{'id_ptn': 453, 'kode_prov1': '030000', 'nama_prov1': 'Jawa Tengah', 'kode_prov2': None, 'nama_prov2': None, 'kode_kota': '-', 'nama_kota': 'Kabupaten Cilacap'}]"
454,2454,POLITEKNIK MARITIM NEGERI INDONESIA ,https://pmb.polimarin.ac.id/,0,1,0,0,,"[{'id_ptn': 454, 'kode_prov1': '030000', 'nama_prov1': 'Jawa Tengah', 'kode_prov2': None, 'nama_prov2': None, 'kode_kota': '-', 'nama_kota': 'Kota Semarang'}]"
471,2471,POLITEKNIK NEGERI BANYUWANGI,https://www.poliwangi.ac.id,0,1,0,0,,"[{'id_ptn': 471, 'kode_prov1': '050000', 'nama_prov1': 'Jawa Timur', 'kode_prov2': None, 'nama_prov2': None, 'kode_kota': '-', 'nama_kota': 'Kabupaten Banyuwangi'}]"
472,2472,POLITEKNIK NEGERI JEMBER,https://www.polije.ac.id/,0,1,0,0,,"[{'id_ptn': 472, 'kode_prov1': '050000', 'nama_prov1': 'Jawa Timur', 'kode_prov2': None, 'nama_prov2': None, 'kode_kota': '-', 'nama_kota': 'Kabupate Jember'}]"
473,2473,POLITEKNIK NEGERI MADIUN,https://pmb.pnm.ac.id/,0,1,0,0,,"[{'id_ptn': 473, 'kode_prov1': '050000', 'nama_prov1': 'Jawa Timur', 'kode_prov2': None, 'nama_prov2': None, 'kode_kota': '-', 'nama_kota': 'Kota Madiun'}]"
474,2474,POLITEKNIK NEGERI MALANG,http://spmb.polinema.ac.id/,0,1,0,0,,"[{'id_ptn': 474, 'kode_prov1': '050000', 'nama_prov1': 'Jawa Timur', 'kode_prov2': None, 'nama_prov2': None, 'kode_kota': '-', 'nama_kota': 'Kota Malang'}]"
481,2481,POLITEKNIK PERKAPALAN NEGERI SURABAYA,https://pmb.ppns.ac.id/,0,1,0,0,,"[{'id_ptn': 481, 'kode_prov1': '050000', 'nama_prov1': 'Jawa Timur', 'kode_prov2': None, 'nama_prov2': None, 'kode_kota': '-', 'nama_kota': 'Kota Surabaya'}]"
482,2482,POLITEKNIK ELEKTRONIKA NEGERI SURABAYA (PENS),https://pmb.pens.ac.id/,0,1,0,0,,"[{'id_ptn': 482, 'kode_prov1': '050000', 'nama_prov1': 'Jawa Timur', 'kode_prov2': None, 'nama_prov2': None, 'kode_kota': '-', 'nama_kota': 'Kota Surabaya'}]"
483,2483,POLITEKNIK NEGERI MADURA,https://www.portal-pmb.poltera.ac.idb.poltera.ac.id,0,1,0,0,,"[{'id_ptn': 483, 'kode_prov1': '050000', 'nama_prov1': 'Jawa Timur', 'kode_prov2': None, 'nama_prov2': None, 'kode_kota': '-', 'nama_kota': 'Kabupaten Sampang'}]"
511,1511,UNIVERSITAS TANJUNGPURA,https://scmb.untan.ac.id,1,0,0,0,"Jl Profesor Dr H. Hadari Nawawi, Pontianak 78115","[{'id_ptn': 511, 'kode_prov1': '130000', 'nama_prov1': 'Kalimantan Barat', 'kode_prov2': None, 'nama_prov2': None, 'kode_kota': '-', 'nama_kota': 'Kota Pontianak'}]"
515,2515,POLITEKNIK NEGERI PONTIANAK,https://spmb.polnep.ac.id/,0,1,0,0,,"[{'id_ptn': 515, 'kode_prov1': '130000', 'nama_prov1': 'Kalimantan Barat', 'kode_prov2': None, 'nama_prov2': None, 'kode_kota': '-', 'nama_kota': 'Kota Pontianak'}]"
516,2516,POLITEKNIK NEGERI KETAPANG,https://pmb.politap.ac.id,0,1,0,0,,"[{'id_ptn': 516, 'kode_prov1': '130000', 'nama_prov1': 'Kalimantan Barat', 'kode_prov2': None, 'nama_prov2': None, 'kode_kota': '-', 'nama_kota': 'Kabupaten Ketapang'}]"
517,2517,POLITEKNIK NEGERI SAMBAS,https://poltesa.ac.id/,0,1,0,0,,"[{'id_ptn': 517, 'kode_prov1': '130000', 'nama_prov1': 'Kalimantan Barat', 'kode_prov2': None, 'nama_prov2': None, 'kode_kota': '-', 'nama_kota': 'Kabupaten Sambas'}]"
521,1521,UNIVERSITAS PALANGKARAYA,https://pmb.upr.ac.id/,1,0,0,0,"Jalan Yos Sudarso, Kampus Unpar Tunjung Nyaho, Palangka Raya, Kalimantan Tengah 73112","[{'id_ptn': 521, 'kode_prov1': '140000', 'nama_prov1': 'Kalimantan Tengah', 'kode_prov2': None, 'nama_prov2': None, 'kode_kota': '-', 'nama_kota': 'Kota Palangkaraya'}]"
531,1531,UNIVERSITAS LAMBUNG MANGKURAT,https://pmb.ulm.ac.id/,1,0,0,0,"JL. Ahmad Yani, Km. 36 Telp Banjarmasin  (0511) 4772746","[{'id_ptn': 531, 'kode_prov1': '150000', 'nama_prov1': 'Kalimantan Selatan', 'kode_prov2': None, 'nama_prov2': None, 'kode_kota': '-', 'nama_kota': 'Kota Banjarmasin'}]"
532,1532,UIN ANTASARI BANJARMASIN,https://pmb.uin-antasari.ac.id,1,0,0,1,,"[{'id_ptn': 532, 'kode_prov1': '150000', 'nama_prov1': 'Kalimantan Selatan', 'kode_prov2': None, 'nama_prov2': None, 'kode_kota': '-', 'nama_kota': 'Kota Banjarmasin'}]"
536,2536,POLITEKNIK NEGERI BANJARMASIN,https://pmb.poliban.ac.id/,0,1,0,0,,"[{'id_ptn': 536, 'kode_prov1': '150000', 'nama_prov1': 'Kalimantan Selatan', 'kode_prov2': None, 'nama_prov2': None, 'kode_kota': '-', 'nama_kota': 'Kota Banjarmasin'}]"
537,2537,POLITEKNIK NEGERI TANAH LAUT,https://sinema.politala.ac.id,0,1,0,0,,"[{'id_ptn': 537, 'kode_prov1': '150000', 'nama_prov1': 'Kalimantan Selatan', 'kode_prov2': None, 'nama_prov2': None, 'kode_kota': '-', 'nama_kota': 'Kabupaten Tanah Laut'}]"
541,1541,UNIVERSITAS MULAWARMAN,https://unmul.ac.id,1,0,0,0,"Kampus Gunung Kelua, Jl. Kuaro No.1, Samarinda, Kalimantan Timur 75119","[{'id_ptn': 541, 'kode_prov1': '160000', 'nama_prov1': 'Kalimantan Timur', 'kode_prov2': None, 'nama_prov2': None, 'kode_kota': '-', 'nama_kota': 'Kota Samarinda'}]"
542,1542,INSTITUT TEKNOLOGI KALIMANTAN,http://pmb.itk.ac.id/,1,0,0,0,,"[{'id_ptn': 542, 'kode_prov1': '160000', 'nama_prov1': 'Kalimantan Timur', 'kode_prov2': None, 'nama_prov2': None, 'kode_kota': '-', 'nama_kota': 'Kota Balikpapan'}]"
551,1551,UNIVERSITAS BORNEO TARAKAN,https://www.ubt.ac.id/pmb/pengumuman-snbt/,1,0,0,0,,"[{'id_ptn': 551, 'kode_prov1': '340000', 'nama_prov1': 'Kalimantan Utara', 'kode_prov2': None, 'nama_prov2': None, 'kode_kota': '-', 'nama_kota': 'Kota Tarakan'}]"
552,2552,POLITEKNIK NEGERI NUNUKAN,http://pnn.ac.id/,0,1,0,0,,"[{'id_ptn': 552, 'kode_prov1': '340000', 'nama_prov1': 'Kalimantan Utara', 'kode_prov2': None, 'nama_prov2': None, 'kode_kota': '-', 'nama_kota': 'Kabupaten Nunukan'}]"
561,2561,POLITEKNIK PERTANIAN NEGERI SAMARINDA,https://politanisamarinda.ac.id/,0,1,0,0,,"[{'id_ptn': 561, 'kode_prov1': '160000', 'nama_prov1': 'Kalimantan Timur', 'kode_prov2': None, 'nama_prov2': None, 'kode_kota': '-', 'nama_kota': 'Kota Samarinda'}]"
562,2562,POLITEKNIK NEGERI SAMARINDA,https://pmb.polnes.ac.id/,0,1,0,0,,"[{'id_ptn': 562, 'kode_prov1': '160000', 'nama_prov1': 'Kalimantan Timur', 'kode_prov2': None, 'nama_prov2': None, 'kode_kota': '-', 'nama_kota': 'Kota Samarinda'}]"
563,2563,POLITEKNIK NEGERI BALIKPAPAN,https://pmb.poltekba.ac.id/,0,1,0,0,,"[{'id_ptn': 563, 'kode_prov1': '160000', 'nama_prov1': 'Kalimantan Timur', 'kode_prov2': None, 'nama_prov2': None, 'kode_kota': '-', 'nama_kota': 'Kota Balikpapan'}]"
571,1571,UIN SULTAN AJI MUHAMMAD IDRIS SAMARINDA,https://www.uinsi.ac.id/,1,0,0,1,,"[{'id_ptn': 571, 'kode_prov1': '160000', 'nama_prov1': 'Kalimantan Timur', 'kode_prov2': None, 'nama_prov2': None, 'kode_kota': '-', 'nama_kota': 'Kota Samarinda'}]"
611,1611,UNIVERSITAS UDAYANA,https://www.unud.ac.id/,1,0,0,0,"JL. KAMPUS UDAYANA BUKIT JIMBARAN, BADUNG - BALI, 80361","[{'id_ptn': 611, 'kode_prov1': '220000', 'nama_prov1': 'Bali', 'kode_prov2': None, 'nama_prov2': None, 'kode_kota': '-', 'nama_kota': 'Kabupaten Badung'}]"
612,1612,UNIVERSITAS PENDIDIKAN GANESHA,https://penerimaan.undiksha.ac.id/,1,0,0,0,"Jl. Udayana no 11, Singaraja, 81116 Telp (0362) 22570","[{'id_ptn': 612, 'kode_prov1': '220000', 'nama_prov1': 'Bali', 'kode_prov2': None, 'nama_prov2': None, 'kode_kota': '-', 'nama_kota': 'Kabupaten Buleleng'}]"
613,1613,ISI BALI,https://isibali.ac.id/,1,0,0,0,,"[{'id_ptn': 613, 'kode_prov1': '220000', 'nama_prov1': 'Bali', 'kode_prov2': None, 'nama_prov2': None, 'kode_kota': '-', 'nama_kota': 'Kota Denpasar'}]"
617,2617,POLITEKNIK NEGERI BALI,https://pnb.ac.id/,0,1,0,0,,"[{'id_ptn': 617, 'kode_prov1': '220000', 'nama_prov1': 'Bali', 'kode_prov2': None, 'nama_prov2': None, 'kode_kota': '-', 'nama_kota': 'Kabupaten Badung'}]"
621,1621,UNIVERSITAS MATARAM,https://unram.ac.id/,1,0,0,0,,"[{'id_ptn': 621, 'kode_prov1': '230000', 'nama_prov1': 'Nusa Tenggara Barat', 'kode_prov2': None, 'nama_prov2': None, 'kode_kota': '-', 'nama_kota': 'Kota Mataram'}]"
622,1622,UIN MATARAM,https://pmb.uinmataram.ac.id/,1,0,0,1,,"[{'id_ptn': 622, 'kode_prov1': '230000', 'nama_prov1': 'Nusa Tenggara Barat', 'kode_prov2': None, 'nama_prov2': None, 'kode_kota': '-', 'nama_kota': 'Kota Mataram'}]"
631,1631,UNIVERSITAS NUSA CENDANA,https://undana.ac.id/admissions/,1,0,0,0,"Jl. Adisucipto, Penfui-Kupang Telp (0380) 881085","[{'id_ptn': 631, 'kode_prov1': '240000', 'nama_prov1': 'Nusa Tenggara Timur', 'kode_prov2': None, 'nama_prov2': None, 'kode_kota': '-', 'nama_kota': 'Kota Kupang'}]"
632,1632,UNIVERSITAS TIMOR,https://www.unimor.ac.id,1,0,0,0,,"[{'id_ptn': 632, 'kode_prov1': '240000', 'nama_prov1': 'Nusa Tenggara Timur', 'kode_prov2': None, 'nama_prov2': None, 'kode_kota': '-', 'nama_kota': 'Kabupaten Timor Tengah Utara'}]"
641,2641,POLITEKNIK NEGERI KUPANG,https://sidalang.pnk.ac.id/login,0,1,0,0,,"[{'id_ptn': 641, 'kode_prov1': '240000', 'nama_prov1': 'Nusa Tenggara Timur', 'kode_prov2': None, 'nama_prov2': None, 'kode_kota': '-', 'nama_kota': 'Kota Kupang'}]"
642,2642,POLITEKNIK PERTANIAN NEGERI KUPANG,http://pmb.politanikoe.ac.id/,0,1,0,0,,"[{'id_ptn': 642, 'kode_prov1': '240000', 'nama_prov1': 'Nusa Tenggara Timur', 'kode_prov2': None, 'nama_prov2': None, 'kode_kota': '-', 'nama_kota': 'Kota Kupang'}]"
711,1711,UNIVERSITAS HASANUDDIN,https://regpmb.unhas.ac.id,1,0,1,0,Jl. Perintis Kemerdekaan KM.10 Tamalanrea Makassar,"[{'id_ptn': 711, 'kode_prov1': '190000', 'nama_prov1': 'Sulawesi Selatan', 'kode_prov2': None, 'nama_prov2': None, 'kode_kota': '-', 'nama_kota': 'Kota Makassar'}]"
712,1712,UNIVERSITAS NEGERI MAKASSAR,https://unm.ac.id/info-pmb/,1,0,0,0,"Kampus Universitas Negeri Makassar (UNM) Jalan: Andi Pangeran Pettarani, Makassar, Sul-Sel. Telp. 0411-869834-869854-860468, Fax. 0411-868794","[{'id_ptn': 712, 'kode_prov1': '190000', 'nama_prov1': 'Sulawesi Selatan', 'kode_prov2': None, 'nama_prov2': None, 'kode_kota': '-', 'nama_kota': 'Kota Makassar'}]"
713,1713,UIN ALAUDDIN,http://pmb.uin-alauddin.ac.id/site/login,1,0,0,1,"Kampus I : Jl. Sultan Alauddin No. 63 Makassar Telp. (0411) 864924, Fax. 864923","[{'id_ptn': 713, 'kode_prov1': '190000', 'nama_prov1': 'Sulawesi Selatan', 'kode_prov2': None, 'nama_prov2': None, 'kode_kota': '-', 'nama_kota': 'Kabupaten Gowa'}]"
716,2716,POLITEKNIK NEGERI UJUNG PANDANG,https://pmb.poliupg.ac.id/pengumuman,0,1,0,0,,"[{'id_ptn': 716, 'kode_prov1': '190000', 'nama_prov1': 'Sulawesi Selatan', 'kode_prov2': None, 'nama_prov2': None, 'kode_kota': '-', 'nama_kota': 'Kota Makassar'}]"
717,2717,POLITEKNIK PERTANIAN NEGERI PANGKAJENE KEPULAUAN,https://polipangkep.ac.id/,0,1,0,0,,"[{'id_ptn': 717, 'kode_prov1': '190000', 'nama_prov1': 'Sulawesi Selatan', 'kode_prov2': None, 'nama_prov2': None, 'kode_kota': '-', 'nama_kota': 'Kabupaten Pangkaje'}]"
718,1718,INSTITUT TEKNOLOGI BJ. HABIBIE SULAWESI SELATAN,https://admission.ith.ac.id/,1,0,0,0,,"[{'id_ptn': 718, 'kode_prov1': '190000', 'nama_prov1': 'Sulawesi Selatan', 'kode_prov2': None, 'nama_prov2': None, 'kode_kota': '-', 'nama_kota': 'Kota Parepare'}]"
721,1721,UNIVERSITAS SAM RATULANGI,https://regmaba.unsrat.ac.id,1,0,0,0,,"[{'id_ptn': 721, 'kode_prov1': '170000', 'nama_prov1': 'Sulawesi Utara', 'kode_prov2': None, 'nama_prov2': None, 'kode_kota': '-', 'nama_kota': 'Kota Manado'}]"
722,1722,UNIVERSITAS NEGERI MANADO,https://penerimaan.unima.ac.id/,1,0,0,0,"Jalan Tondano, Minahasa Sulawesi Utara 95618 Telp (0431) 321845","[{'id_ptn': 722, 'kode_prov1': '170000', 'nama_prov1': 'Sulawesi Utara', 'kode_prov2': None, 'nama_prov2': None, 'kode_kota': '-', 'nama_kota': 'Kabupaten Minahasa'}]"
727,2727,POLITEKNIK NEGERI MANADO,https://polimdo.ac.id/,0,1,0,0,,"[{'id_ptn': 727, 'kode_prov1': '170000', 'nama_prov1': 'Sulawesi Utara', 'kode_prov2': None, 'nama_prov2': None, 'kode_kota': '-', 'nama_kota': 'Kota Manado'}]"
728,2728,POLITEKNIK NEGERI NUSA UTARA,https://www.polnustar.ac.id/,0,1,0,0,,"[{'id_ptn': 728, 'kode_prov1': '170000', 'nama_prov1': 'Sulawesi Utara', 'kode_prov2': None, 'nama_prov2': None, 'kode_kota': '-', 'nama_kota': 'Kabupaten Kepulauan Sangihe'}]"
731,1731,UNIVERSITAS TADULAKO,https://pmb.untad.ac.id/,1,0,0,0,"Kampus Bumi Tadulako Tondo Jl. Soekarno - Hatta KM. 9, Palu, Telp (0451) 422611","[{'id_ptn': 731, 'kode_prov1': '180000', 'nama_prov1': 'Sulawesi Tengah', 'kode_prov2': None, 'nama_prov2': None, 'kode_kota': '-', 'nama_kota': 'Kota Palu'}]"
732,1732,UIN DATOKARAMA PALU,https://siakad.uindatokarama.ac.id/spmbfront,1,0,0,1,,"[{'id_ptn': 732, 'kode_prov1': '180000', 'nama_prov1': 'Sulawesi Tengah', 'kode_prov2': None, 'nama_prov2': None, 'kode_kota': '-', 'nama_kota': 'Kota Palu'}]"
741,1741,UNIVERSITAS SULAWESI BARAT,https://pmb.unsulbar.ac.id/,1,0,0,0,,"[{'id_ptn': 741, 'kode_prov1': '330000', 'nama_prov1': 'Sulawesi Barat', 'kode_prov2': None, 'nama_prov2': None, 'kode_kota': '-', 'nama_kota': 'Kabupaten Majene'}]"
751,1751,UNIVERSITAS HALUOLEO,https://spmb.uho.ac.id/,1,0,0,0,"Kampus Hijau Bumi Tridharma, Anduonou, Kendari, 93132 Telp (0401) 3190105","[{'id_ptn': 751, 'kode_prov1': '200000', 'nama_prov1': 'Sulawesi Tenggara', 'kode_prov2': None, 'nama_prov2': None, 'kode_kota': '-', 'nama_kota': 'Kota Kendari'}]"
752,1752,UNIVERSITAS NEGERI GORONTALO,https://spmb.ung.ac.id/,1,0,0,0,"Jl. Jenderal Sudirman No.6, Gorontalo Telp (0435) 821125","[{'id_ptn': 752, 'kode_prov1': '300000', 'nama_prov1': 'Gorontalo', 'kode_prov2': None, 'nama_prov2': None, 'kode_kota': '-', 'nama_kota': 'Kota Gorontalo'}]"
753,1753,UNIVERSITAS SEMBILAN BELAS NOVEMBER KOLAKA,https://spmb.usn.ac.id/,1,0,0,0,,"[{'id_ptn': 753, 'kode_prov1': '200000', 'nama_prov1': 'Sulawesi Tenggara', 'kode_prov2': None, 'nama_prov2': None, 'kode_kota': '-', 'nama_kota': 'Kabupaten Kolaka'}]"
811,1811,UNIVERSITAS PATTIMURA,https://pmb.unpatti.ac.id,1,0,0,0,"Jl. Ir. M. Putuhena Kampus - Poka, Ambon, Maluku 97116 Telp (0911) 322628","[{'id_ptn': 811, 'kode_prov1': '210000', 'nama_prov1': 'Maluku', 'kode_prov2': None, 'nama_prov2': None, 'kode_kota': '-', 'nama_kota': 'Kota Ambon'}]"
821,1821,UNIVERSITAS KHAIRUN,http://ukt.unkhair.ac.id/,1,0,0,0,,"[{'id_ptn': 821, 'kode_prov1': '270000', 'nama_prov1': 'Maluku Utara', 'kode_prov2': None, 'nama_prov2': None, 'kode_kota': '-', 'nama_kota': 'Kota Ternate'}]"
831,2831,POLITEKNIK NEGERI AMBON,http://pmb.polnam.ac.id,0,1,0,0,,"[{'id_ptn': 831, 'kode_prov1': '210000', 'nama_prov1': 'Maluku', 'kode_prov2': None, 'nama_prov2': None, 'kode_kota': '-', 'nama_kota': 'Kota Ambon'}]"
832,2832,POLITEKNIK PERIKANAN NEGERI TUAL,http://www.polikant.ac.id/,0,1,0,0,,"[{'id_ptn': 832, 'kode_prov1': '210000', 'nama_prov1': 'Maluku', 'kode_prov2': None, 'nama_prov2': None, 'kode_kota': '-', 'nama_kota': 'Kabupaten Maluku Tenggara'}]"
911,1911,UNIVERSITAS CENDERAWASIH,https://pmb.uncen.ac.id,1,0,0,0,"Kampus Baru Waena Jayapura, Papua 99358 Telp (0967) 572108","[{'id_ptn': 911, 'kode_prov1': '250000', 'nama_prov1': 'Papua', 'kode_prov2': None, 'nama_prov2': None, 'kode_kota': '-', 'nama_kota': 'Kota Jayapura'}]"
912,1912,UNIVERSITAS MUSAMUS MERAUKE,http://admisi.unmus.ac.id/,1,0,0,0,"Kampus Universitas Musamus Merauke, JL. Kamizaun Mopah Lama, Kec. Merauke, 99611 Telp (0971) 325976","[{'id_ptn': 912, 'kode_prov1': '370000', 'nama_prov1': 'Papua Selatan', 'kode_prov2': None, 'nama_prov2': None, 'kode_kota': '-', 'nama_kota': 'Kabupaten Merauke'}]"
913,1913,ISBI TANAH PAPUA,https://www.pmb.isbi-tanahpapua.ac.id,1,0,0,0,,"[{'id_ptn': 913, 'kode_prov1': '250000', 'nama_prov1': 'Papua', 'kode_prov2': None, 'nama_prov2': None, 'kode_kota': '-', 'nama_kota': 'Kabupate Jayapura'}]"
921,1921,UNIVERSITAS PAPUA,https://bpak.unipa.ac.id/,1,0,0,0,"Jl Gunung Salju, Amban, Manokwari, Papua Barat","[{'id_ptn': 921, 'kode_prov1': '320000', 'nama_prov1': 'Papua Barat', 'kode_prov2': '390000', 'nama_prov2': 'Papua Barat Daya', 'kode_kota': '-', 'nama_kota': 'Kabupaten Manokwari'}]"
931,2931,POLITEKNIK NEGERI FAKFAK,https://www.polinef.ac.id/,0,1,0,0,,"[{'id_ptn': 931, 'kode_prov1': '320000', 'nama_prov1': 'Papua Barat', 'kode_prov2': None, 'nama_prov2': None, 'kode_kota': '-', 'nama_kota': 'Kabupaten Fak-Fak'}]"
